KMeans_Cluster,Total_Reimbursed_Mean,Total_Reimbursed_Median,IP_Claims_Mean,IP_Claims_Median,OP_Claims_Mean,OP_Claims_Median,Avg_IP_Claim_Mean,Avg_IP_Claim_Median,Avg_OP_Claim_Mean,Avg_OP_Claim_Median,Total_Visits_Mean,Total_Visits_Median,IP_Visit_Ratio_Mean,IP_Visit_Ratio_Median,OP_Visit_Ratio_Mean,OP_Visit_Ratio_Median,Fraud_Count,Total_Providers,Fraud_Percentage
0,27260.354351224596,8830.0,5012.64721208963,0.0,22247.707139134967,7635.0,795.3057670613091,0.0,260.39904888087136,253.9272030651341,78.11125586242835,28.0,0.009261704636712527,0.0,0.9052060398872357,0.9545454545454546,56,3838,1.4590932777488275
1,184169.9366643209,114180.0,169756.31949331457,107000.0,14413.617171006334,4690.0,9544.070949803941,9192.307692307691,196.76022026677234,205.57692307692307,67.09429978888107,32.0,0.431790252372832,0.3448275862068966,0.4878671767870095,0.6086956521739131,308,1421,21.67487684729064
2,1259684.9006622517,1120680.0,979038.0794701987,962000.0,280646.821192053,191370.0,8099.554582679802,9665.116279069767,594.1407000418438,281.74857420215994,1079.9933774834437,764.0,0.2523090784394636,0.123251165889407,0.7456216100143972,0.8760826115922719,142,151,94.03973509933775
